﻿{
   "CodeGenerationMode": 0,
   "ContextClassName": "ProductContext",
   "ContextNamespace": null,
   "DefaultDacpacSchema": null,
   "FilterSchemas": false,
   "IncludeConnectionString": false,
   "ModelNamespace": null,
   "OutputContextPath": "Infrastructure\/Data\/Contexts",
   "OutputPath": "Infrastructure\/Data\/Entities",
   "ProjectRootNamespace": "Net5.Deployment.API",
   "Schemas": null,
   "SelectedHandlebarsLanguage": 0,
   "SelectedToBeGenerated": 0,
   "Tables": [
      {
         "Name": "[dbo].[Product]",
         "ObjectType": 0
      }
   ],
   "UiHint": "00ea6c046e26.Net5.Deployment",
   "UseBoolPropertiesWithoutDefaultSql": false,
   "UseDatabaseNames": false,
   "UseDbContextSplitting": true,
   "UseFluentApiOnly": true,
   "UseHandleBars": false,
   "UseInflector": true,
   "UseLegacyPluralizer": false,
   "UseManyToManyEntity": false,
   "UseNoConstructor": false,
   "UseNoDefaultConstructor": false,
   "UseNoNavigations": false,
   "UseNoObjectFilter": false,
   "UseNodaTime": false,
   "UseNullableReferences": false,
   "UseSchemaFolders": false,
   "UseSpatial": false
}